seq,distance
atagctcttcaTGGTCCtactagATGCCTCCACACCGCTCGTCACATCCTGggcctccacggccTAATCAGTATTTACTGGACACTATAGAAGAGAGCtgaagagctat,1
atagctcttcaTGGTCCtactagATGCCTCCACACCGCTCGTCACATCCTGggcctccacggccTAATCAGTATTTACTGGACACTATAGAGGGGAGCtgaagagctat,1
atagctcttcaTGGTCCtactagATGCCTCCACACCGCTCGTCACATCCTGggcctccacggccTAATCATTATTTACTGGACACTATAGAAGGGAGCtgaagagctat,1
atagctcttcaTGGTCCtactagATGCCTCCACACCGCTCGTCACATCCTGggcctccacggccTAATCAGTATTTACTGGACACTAAAGAAGGGAGCtgaagagctat,1
atagctcttcaTGGTCCtactagATGCCTCCACACCGCTCGTCACATCCTGggcctccacggccTAATCCGTATTTACTGGACACTATAGAAGGGAGCtgaagagctat,1
atagctcttcaTGGTCCtactagATGCCTCCACACCGCTCGTCACATCCTGggcctccacggccTAATCAGTATTTACTGGACACTATAGAAGTGAGCtgaagagctat,1
atagctcttcaTGGTCCtactagATGCCTCCACACCGCTCGTCACATCCTGggcctccacggccTAATCAGTATTTACTGCACACTATAGAAGGGAGCtgaagagctat,1
atagctcttcaTGGTCCtactagATGCCTCCACACCGCTCGTCACATCCTGggcctccacggccTAATCAGGATTTACTGGACACTATAGAAGGGAGCtgaagagctat,1
atagctcttcaTGGTCCtactagATGCCTCCACACCGCTCGTCACATCCTGggcctccacggccTAATCAGTATTTACTGGACCCTATAGAAGGGAGCtgaagagctat,1
atagctcttcaTGGTCCtactagATGCCTCCACACCGCTCGTCACATCCTGggcctccacggccTAATCAGTATTTACTGGACAGTATAGAAGGGAGCtgaagagctat,1
atagctcttcaTGGTCCtactagATGCCTCCACACCGCTCGTCACATCCTGggcctccacggccTAATCACTATTTACTGGACACTATAGAAGGGAGCtgaagagctat,1
atagctcttcaTGGTCCtactagATGCCTCCACACCGCTCGTCACATCCTGggcctccacggccTAATCAGTATTTACTGGACACTATTGAAGGGAGCtgaagagctat,1
atagctcttcaTGGTCCtactagATGCCTCCACACCGCTCGTCACATCCTGggcctccacggccTAATCAGTATTTATTGGACACTATAGAAGGGAGCtgaagagctat,1
atagctcttcaTGGTCCtactagATGCCTCCACACCGCTCGTCACATCCTGggcctccacggccTAATCAGTATTTACTGGACACTATAGAACGGAGCtgaagagctat,1
atagctcttcaTGGTCCtactagATGCCTCCACACCGCTCGTCACATCCTGggcctccacggccTAATCAGTATTTACTGGACACTATATAAGGGAGCtgaagagctat,1
atagctcttcaTGGTCCtactagATGCCTCCACACCGCTCGTCACATCCTGggcctccacggccTAATCTGTATTTACTGGACACTATAGAAGGGAGCtgaagagctat,1
atagctcttcaTGGTCCtactagATGCCTCCACACCGCTCGTCACATCCTGggcctccacggccTAATCAGTATTTACAGGACACTATAGAAGGGAGCtgaagagctat,1
atagctcttcaTGGTCCtactagATGCCTCCACACCGCTCGTCACATCCTGggcctccacggccTAATCAATATTTACTGGACACTATAGAAGGGAGCtgaagagctat,1
atagctcttcaTGGTCCtactagATGCCTCCACACCGCTCGTCACATCCTGggcctccacggccTAATCAGTATTTACTGGATACTATAGAAGGGAGCtgaagagctat,1
atagctcttcaTGGTCCtactagATGCCTCCACACCGCTCGTCACATCCTGggcctccacggccTTATCAGTATTTACTGGACACTATAGAAGGGAGCtgaagagctat,1
atagctcttcaTGGTCCtactagATGCCTCCACACCGCTCGTCACATCCTGggcctccacggccTAATCAGTATTAACTGGACACTATAGAAGGGAGCtgaagagctat,1
atagctcttcaTGGTCCtactagATGCCTCCACACCGCTCGTCACATCCTGggcctccacggccTAATCAGTATTTACTGGACGCTATAGAAGGGAGCtgaagagctat,1
atagctcttcaTGGTCCtactagATGCCTCCACACCGCTCGTCACATCCTGggcctccacggccTAATCAGTATTTACTGGACACTATAGACGGGAGCtgaagagctat,1
atagctcttcaTGGTCCtactagATGCCTCCACACCGCTCGTCACATCCTGggcctccacggccTAATCAGTATTTACTGGACACTAGAGAAGGGAGCtgaagagctat,1
atagctcttcaTGGTCCtactagATGCCTCCACACCGCTCGTCACATCCTGggcctccacggccTAATCAGTATTTACTAGACACTATAGAAGGGAGCtgaagagctat,1
atagctcttcaTGGTCCtactagATGCCTCCACACCGCTCGTCACATCCTGggcctccacggccTAATCAGTATTTACTCGACACTATAGAAGGGAGCtgaagagctat,1
atagctcttcaTGGTCCtactagATGCCTCCACACCGCTCGTCACATCCTGggcctccacggccTAATCAGTATTTACTGTACACTATAGAAGGGAGCtgaagagctat,1
atagctcttcaTGGTCCtactagATGCCTCCACACCGCTCGTCACATCCTGggcctccacggccTAATCAGTATTTACTGGAGACTATAGAAGGGAGCtgaagagctat,1
atagctcttcaTGGTCCtactagATGCCTCCACACCGCTCGTCACATCCTGggcctccacggccTAATCAGTATTTACTGGACACTATAGAAGCGAGCtgaagagctat,1
atagctcttcaTGGTCCtactagATGCCTCCACACCGCTCGTCACATCCTGggcctccacggccTAATCAGTATTTACTGGACTCTATAGAAGGGAGCtgaagagctat,1
atagctcttcaTGGTCCtactagATGCCTCCACACCGCTCGTCACATCCTGggcctccacggccTAATCAGTATTTACTGGACACTATAGAAGGTAGCtgaagagctat,1
atagctcttcaTGGTCCtactagATGCCTCCACACCGCTCGTCACATCCTGggcctccacggccTAATCGGTATTTACTGGACACTATAGAAGGGAGCtgaagagctat,1
atagctcttcaTGGTCCtactagATGCCTCCACACCGCTCGTCACATCCTGggcctccacggccTAATCAGTATTTCCTGGACACTATAGAAGGGAGCtgaagagctat,1
atagctcttcaTGGTCCtactagATGCCTCCACACCGCTCGTCACATCCTGggcctccacggccTAATCAGTATTTACTGGACACTATAGTAGGGAGCtgaagagctat,1
atagctcttcaTGGTCCtactagATGCCTCCACACCGCTCGTCACATCCTGggcctccacggccTAATCAGTATTTACTGGACACTATAGCAGGGAGCtgaagagctat,1
atagctcttcaTGGTCCtactagATGCCTCCACACCGCTCGTCACATCCTGggcctccacggccTAATAAGTATTTACTGGACACTATAGAAGGGAGCtgaagagctat,1
atagctcttcaTGGTCCtactagATGCCTCCACACCGCTCGTCACATCCTGggcctccacggccTAATCAGTATTTACTGGACACTATGGAAGGGAGCtgaagagctat,1
atagctcttcaTGGTCCtactagATGCCTCCACACCGCTCGTCACATCCTGggcctccacggccTAGTCAGTATTTACTGGACACTATAGAAGGGAGCtgaagagctat,1
atagctcttcaTGGTCCtactagATGCCTCCACACCGCTCGTCACATCCTGggcctccacggccTAATCAGTATTCACTGGACACTATAGAAGGGAGCtgaagagctat,1
atagctcttcaTGGTCCtactagATGCCTCCACACCGCTCGTCACATCCTGggcctccacggccTAATCAGTATTGACTGGACACTATAGAAGGGAGCtgaagagctat,1
atagctcttcaTGGTCCtactagATGCCTCCACACCGCTCGTCACATCCTGggcctccacggccTAATCAGTATTTACTGGACACAATAGAAGGGAGCtgaagagctat,1
atagctcttcaTGGTCCtactagATGCCTCCACACCGCTCGTCACATCCTGggcctccacggccTAATCAGTATTTACTGGGCACTATAGAAGGGAGCtgaagagctat,1
atagctcttcaTGGTCCtactagATGCCTCCACACCGCTCGTCACATCCTGggcctccacggccTCATCAGTATTTACTGGACACTATAGAAGGGAGCtgaagagctat,1
atagctcttcaTGGTCCtactagATGCCTCCACACCGCTCGTCACATCCTGggcctccacggccCAATCAGTATTTACTGGACACTATAGAAGGGAGCtgaagagctat,1
atagctcttcaTGGTCCtactagATGCCTCCACACCGCTCGTCACATCCTGggcctccacggccTAATCAGTATTTACGGGACACTATAGAAGGGAGCtgaagagctat,1
atagctcttcaTGGTCCtactagATGCCTCCACACCGCTCGTCACATCCTGggcctccacggccGAATCAGTATTTACTGGACACTATAGAAGGGAGCtgaagagctat,1
atagctcttcaTGGTCCtactagATGCCTCCACACCGCTCGTCACATCCTGggcctccacggccTAAACAGTATTTACTGGACACTATAGAAGGGAGCtgaagagctat,1
atagctcttcaTGGTCCtactagATGCCTCCACACCGCTCGTCACATCCTGggcctccacggccTAATCAGTATTTACTGGACACTGTAGAAGGGAGCtgaagagctat,1
atagctcttcaTGGTCCtactagATGCCTCCACACCGCTCGTCACATCCTGggcctccacggccAAATCAGTATTTACTGGACACTATAGAAGGGAGCtgaagagctat,1
atagctcttcaTGGTCCtactagATGCCTCCACACCGCTCGTCACATCCTGggcctccacggccTAATCAGTATTTACTGGACACTTTAGAAGGGAGCtgaagagctat,1
atagctcttcaTGGTCCtactagATGCCTCCACACCGCTCGTCACATCCTGggcctccacggccTAATCAGTATTTTCTGGACACTATAGAAGGGAGCtgaagagctat,1
atagctcttcaTGGTCCtactagATGCCTCCACACCGCTCGTCACATCCTGggcctccacggccTAATCAGTAGTTACTGGACACTATAGAAGGGAGCtgaagagctat,1
atagctcttcaTGGTCCtactagATGCCTCCACACCGCTCGTCACATCCTGggcctccacggccTAATCAGCATTTACTGGACACTATAGAAGGGAGCtgaagagctat,1
atagctcttcaTGGTCCtactagATGCCTCCACACCGCTCGTCACATCCTGggcctccacggccTAATCAGTATTTACTGGACACGATAGAAGGGAGCtgaagagctat,1
atagctcttcaTGGTCCtactagATGCCTCCACACCGCTCGTCACATCCTGggcctccacggccTAATCAGTATTTACTGGACACTATAGAAGGCAGCtgaagagctat,1
atagctcttcaTGGTCCtactagATGCCTCCACACCGCTCGTCACATCCTGggcctccacggccTAATTAGTATTTACTGGACACTATAGAAGGGAGCtgaagagctat,1
atagctcttcaTGGTCCtactagATGCCTCCACACCGCTCGTCACATCCTGggcctccacggccTAATCAGTATTTACTGGACACCATAGAAGGGAGCtgaagagctat,1
atagctcttcaTGGTCCtactagATGCCTCCACACCGCTCGTCACATCCTGggcctccacggccTAATCAGTTTTTACTGGACACTATAGAAGGGAGCtgaagagctat,1
atagctcttcaTGGTCCtactagATGCCTCCACACCGCTCGTCACATCCTGggcctccacggccTAATCAGTATTTACCGGACACTATAGAAGGGAGCtgaagagctat,1
atagctcttcaTGGTCCtactagATGCCTCCACACCGCTCGTCACATCCTGggcctccacggccTACTCAGTATTTACTGGACACTATAGAAGGGAGCtgaagagctat,1
atagctcttcaTGGTCCtactagATGCCTCCACACCGCTCGTCACATCCTGggcctccacggccTATTCAGTATTTACTGGACACTATAGAAGGGAGCtgaagagctat,1
atagctcttcaTGGTCCtactagATGCCTCCACACCGCTCGTCACATCCTGggcctccacggccTAATCAGAATTTACTGGACACTATAGAAGGGAGCtgaagagctat,1
atagctcttcaTGGTCCtactagATGCCTCCACACCGCTCGTCACATCCTGggcctccacggccTAATCAGTATTTACTGGACATTATAGAAGGGAGCtgaagagctat,1
atagctcttcaTGGTCCtactagATGCCTCCACACCGCTCGTCACATCCTGggcctccacggccTAATCAGTATTTACTGGACACTATAAAAGGGAGCtgaagagctat,1
atagctcttcaTGGTCCtactagATGCCTCCACACCGCTCGTCACATCCTGggcctccacggccTGATCAGTATTTACTGGACACTATAGAAGGGAGCtgaagagctat,1
atagctcttcaTGGTCCtactagATGCCTCCACACCGCTCGTCACATCCTGggcctccacggccTAATCAGTATTTACTGGACACTATAGAAAGGAGCtgaagagctat,1
atagctcttcaTGGTCCtactagATGCCTCCACACCGCTCGTCACATCCTGggcctccacggccTAATCAGTATTTACTGGACACTATACAAGGGAGCtgaagagctat,1
atagctcttcaTGGTCCtactagATGCCTCCACACCGCTCGTCACATCCTGggcctccacggccTAATCAGTATTTACTGGACACTATAGAAGGAAGCtgaagagctat,1
atagctcttcaTGGTCCtactagATGCCTCCACACCGCTCGTCACATCCTGggcctccacggccTAATCAGTAATTACTGGACACTATAGAAGGGAGCtgaagagctat,1
atagctcttcaTGGTCCtactagATGCCTCCACACCGCTCGTCACATCCTGggcctccacggccTAATCAGTATTTACTGGACACTATAGATGGGAGCtgaagagctat,1
atagctcttcaTGGTCCtactagATGCCTCCACACCGCTCGTCACATCCTGggcctccacggccTAATCAGTATTTACTGGACACTATCGAAGGGAGCtgaagagctat,1
atagctcttcaTGGTCCtactagATGCCTCCACACCGCTCGTCACATCCTGggcctccacggccTAATCAGTATTTACTGGAAACTATAGAAGGGAGCtgaagagctat,1
atagctcttcaTGGTCCtactagATGCCTCCACACCGCTCGTCACATCCTGggcctccacggccTAATCAGTATTTACTGGACACTACAGAAGGGAGCtgaagagctat,1
atagctcttcaTGGTCCtactagATGCCTCCACACCGCTCGTCACATCCTGggcctccacggccTAATCAGTATTTACTGGACACTCTAGAAGGGAGCtgaagagctat,1
atagctcttcaTGGTCCtactagATGCCTCCACACCGCTCGTCACATCCTGggcctccacggccTAATCAGTATGTACTGGACACTATAGAAGGGAGCtgaagagctat,1
atagctcttcaTGGTCCtactagATGCCTCCACACCGCTCGTCACATCCTGggcctccacggccTAATCAGTATATACTGGACACTATAGAAGGGAGCtgaagagctat,1
atagctcttcaTGGTCCtactagATGCCTCCACACCGCTCGTCACATCCTGggcctccacggccTAATCAGTGTTTACTGGACACTATAGAAGGGAGCtgaagagctat,1
atagctcttcaTGGTCCtactagATGCCTCCACACCGCTCGTCACATCCTGggcctccacggccTAATCAGTATTTACTGGACAATATAGAAGGGAGCtgaagagctat,1
atagctcttcaTGGTCCtactagATGCCTCCACACCGCTCGTCACATCCTGggcctccacggccTAATCAGTATTTGCTGGACACTATAGAAGGGAGCtgaagagctat,1
atagctcttcaTGGTCCtactagATGCCTCCACACCGCTCGTCACATCCTGggcctccacggccTAAGCAGTATTTACTGGACACTATAGAAGGGAGCtgaagagctat,1
atagctcttcaTGGTCCtactagATGCCTCCACACCGCTCGTCACATCCTGggcctccacggccTAATCAGTATTTAGTGGACACTATAGAAGGGAGCtgaagagctat,1
atagctcttcaTGGTCCtactagATGCCTCCACACCGCTCGTCACATCCTGggcctccacggccTAATCAGTATTTAATGGACACTATAGAAGGGAGCtgaagagctat,1
atagctcttcaTGGTCCtactagATGCCTCCACACCGCTCGTCACATCCTGggcctccacggccTAATCAGTATTTACTGGTCACTATAGAAGGGAGCtgaagagctat,1
atagctcttcaTGGTCCtactagATGCCTCCACACCGCTCGTCACATCCTGggcctccacggccTAATCAGTATTTACTGGACACTATAGGAGGGAGCtgaagagctat,1
atagctcttcaTGGTCCtactagATGCCTCCACACCGCTCGTCACATCCTGggcctccacggccTAACCAGTATTTACTGGACACTATAGAAGGGAGCtgaagagctat,1
atagctcttcaTGGTCCtactagATGCCTCCACACCGCTCGTCACATCCTGggcctccacggccTAATCAGTATTTACTGAACACTATAGAAGGGAGCtgaagagctat,1
atagctcttcaTGGTCCtactagATGCCTCCACACCGCTCGTCACATCCTGggcctccacggccTAATCAGTACTTACTGGACACTATAGAAGGGAGCtgaagagctat,1
atagctcttcaTGGTCCtactagATGCCTCCACACCGCTCGTCACATCCTGggcctccacggccTAATGAGTATTTACTGGACACTATAGAAGGGAGCtgaagagctat,1
atagctcttcaTGGTCCtactagATGCCTCCACACCGCTCGTCACATCCTGggcctccacggccTAATCAGTATTTACTTGACACTATAGAAGGGAGCtgaagagctat,1
atagctcttcaTGGTCCtactagATGCCTCCACACCGCTCGTCACATCCTGggcctccacggccTAATCAGTATTTACTGGACACTATAGAATGGAGCtgaagagctat,1
atagctcttcaTGGTCCtactagATGCCTCCACACCGCTCGTCACATCCTGggcctccacggccTAATCAGTATTTACTGGCCACTATAGAAGGGAGCtgaagagctat,1
atagctcttcaTGGTCCtactagATGCCTCCACACCGCTCGTCACATCCTGggcctccacggccTAATCAGTATCTACTGGACACTATAGAAGGGAGCtgaagagctat,1
atagctcttcaTGGTCCtactagATGCCTCCACACCGCTCGTCACATCCTGggcctccacggccTAATCAGTCTTTACTGGACACTATAGAAGGGAGCtgaagagctat,1
